ParticipantID,Pred_Probability
1001,0.2974506918904142
1002,0.6761659154913187
1003,0.8199356293653735
1004,0.8073510775761601
1005,0.826294483270189
1006,0.6999031245686487
1007,0.40667940418004933
1008,0.2526606962027397
1009,0.49738522367443283
1010,0.6708498842924877
1011,0.4132318054136278
1012,0.6111973318175594
1013,0.29811094359742407
1014,0.8511314759100452
1015,0.7590294250654843
1016,0.28157973500538813
1017,0.7243550513598729
1018,0.4613771082053536
1019,0.7577766646197324
1020,0.061587478868401546
1021,0.836465070067735
1022,0.6270265693205537
1023,0.2668121623831836
1024,0.3475577904520837
1025,0.3457549867303049
1026,0.25903106183711244
1027,0.5603106899342636
1028,0.15659082500715404
1029,0.8807673881637066
1030,0.12296105321418216
1031,0.4138306002882607
1032,0.40958050043121397
1033,0.3503581396252332
1034,0.7558703478703664
1035,0.09930861458162277
1036,0.4631806785035302
1037,0.7766592526887122
1038,0.09250856148623843
1039,0.2904278485838594
1040,0.6649388047906752
1041,0.600110586898855
1042,0.5004386458040035
1043,0.8399534654140378
1044,0.631865085324463
1045,0.5346690451783699
1046,0.26599745938133534
1047,0.8205751601994747
1048,0.3986835314436288
1049,0.2668263408873649
1050,0.6192543637099389
1051,0.1437254423758949
1052,0.5653946829018793
1053,0.9030946680807914
1054,0.1746317352574941
1055,0.5304918447341597
1056,0.708534415720569
1057,0.8231647969947726
1058,0.17515801066577785
1059,0.7403133518256022
1060,0.24985933341059796
1061,0.8113285820097218
1062,0.26238003531303955
1063,0.6504096440103739
1064,0.6650500032355627
1065,0.11951056991724973
1066,0.911885185524334
1067,0.13188400963303903
1068,0.4254988859686857
1069,0.13611072053310636
1070,0.5490514925860212
1071,0.6039416583563322
1072,0.16164995905169088
1073,0.33429806348918045
1074,0.524907265978283
1075,0.2049446655217103
1076,0.2943497033473138
1077,0.9256416330600044
1078,0.37570596303534187
1079,0.3833894623431704
1080,0.3075646127936599
1081,0.21104119631049112
1082,0.3669053574052128
1083,0.24456609670665175
1084,0.4953652025717368
1085,0.27391444300686707
1086,0.16948790236168854
1087,0.7598709229594354
1088,0.38364086853514745
1089,0.44031458980911875
1090,0.6973442455955821
1091,0.20011472806975394
1092,0.8276239316000754
1093,0.5451062964838225
1094,0.6756481118873289
1095,0.2575370604727245
1096,0.772491585846878
1097,0.8292093590147828
1098,0.7061481771949312
