ParticipantID,Pred_Probability
1001,0.2962135735380327
1002,0.39691063128459125
1003,0.5423995036933518
1004,0.2852952405753896
1005,0.8083118744328353
1006,0.2967643349838809
1007,0.4205839281859879
1008,0.5324015933340145
1009,0.6843211545840675
1010,0.5355603076218521
1011,0.4742975210370366
1012,0.2953892416135049
1013,0.5281557939780401
1014,0.5440491610539837
1015,0.5171350974388595
1016,0.2702261628291758
1017,0.7137799552671328
1018,0.45584136203966086
1019,0.8086752850109713
1020,0.1274700423888957
1021,0.7943539258772815
1022,0.427613447481628
1023,0.29327409795936044
1024,0.46729454446777974
1025,0.12146877241633858
1026,0.29766263971629914
1027,0.458313883118721
1028,0.17938764688574027
1029,0.7388022154725793
1030,0.21721315268242802
1031,0.37742692634608466
1032,0.36572450977421267
1033,0.5221098456619558
1034,0.6895529569066778
1035,0.25459830133651884
1036,0.4544564999158157
1037,0.7864480001734061
1038,0.14518048935205852
1039,0.30826752255038714
1040,0.7043955651375733
1041,0.4640470052915513
1042,0.5033764767510795
1043,0.4359264803734648
1044,0.7151990390610378
1045,0.38013800085970784
1046,0.3931043391637755
1047,0.8192204049667844
1048,0.6307666188908498
1049,0.44453306667648707
1050,0.5611735679767984
1051,0.47075007859227735
1052,0.3791821753860525
1053,0.6927961141140055
1054,0.4430392616623091
1055,0.2294529725797868
1056,0.7609006349577857
1057,0.8867578227562918
1058,0.28858820279879127
1059,0.5617396854663529
1060,0.48756721286794247
1061,0.5155918936203219
1062,0.24824182959406493
1063,0.5168653747597519
1064,0.5666148489090179
1065,0.18870241411425415
1066,0.8705054191393923
1067,0.11198121393616822
1068,0.45236547306452424
1069,0.12404227974279669
1070,0.695368802205613
1071,0.5333270209867118
1072,0.25268442078364994
1073,0.524945208458798
1074,0.5335521463767257
1075,0.21102118377315804
1076,0.2967579735213054
1077,0.8803743629997756
1078,0.3417351489303787
1079,0.19794920451894493
1080,0.3296279794289374
1081,0.43606122788204105
1082,0.46154065546486645
1083,0.27933914954638983
1084,0.42121608753040884
1085,0.30357795876468896
1086,0.23438198025122692
1087,0.7114682984436072
1088,0.4540218542533797
1089,0.36014527040023103
1090,0.7795070223745543
1091,0.4802111880994888
1092,0.7907281087253263
1093,0.5905576423734159
1094,0.5255846299608091
1095,0.579334594668565
1096,0.601678343835684
1097,0.5794632103166049
1098,0.8068500294542356
