SEQN,Pred_Probability
1001,0.13350898747692252
2186,0.6752538943069399
