SEQN,Pred_Probability
1001,0.23022144710489845
2186,0.8892403107436948
