SEQN,Pred_Probability
1001,0.2030815627710817
2186,0.929473307442204
