ParticipantID,Pred_Probability
1001,0.4051167758403582
1002,0.5292824624720345
1003,0.6441170062732072
1004,0.5048328986870967
1005,0.6419007784789734
1006,0.4521262394926644
1007,0.33340251215299666
1008,0.7105639674824249
1009,0.565151580951895
1010,0.5435369050804423
1011,0.30907122136538756
1012,0.49535147713410377
1013,0.582687447684461
1014,0.6323231959793496
1015,0.4715894509770051
1016,0.4577051389593155
1017,0.6466998280879335
1018,0.5293471943331285
1019,0.6974458496110283
1020,0.1725411838601526
1021,0.7858826215406709
1022,0.46904735440776446
1023,0.269997498999184
1024,0.3404122469689077
1025,0.24488587687250063
1026,0.38264766716795906
1027,0.5809403824951204
1028,0.15259577673008218
1029,0.7459088286137165
1030,0.22824722153925814
1031,0.4286067834431765
1032,0.4375982051794578
1033,0.4101356615113819
1034,0.7227648542928051
1035,0.23146640511213523
1036,0.527867519113746
1037,0.8560977634721407
1038,0.16564599444901207
1039,0.4440010566263768
1040,0.769144967514355
1041,0.31427151977087253
1042,0.4963977443679659
1043,0.6459746780167122
1044,0.5540281436281762
1045,0.5749312067731703
1046,0.5246493357467112
1047,0.6737559619769559
1048,0.5464007888796125
1049,0.40353940499452723
1050,0.6128027468924223
1051,0.6809086782302687
1052,0.5380720425562134
1053,0.7592689649241616
1054,0.7182592408440497
1055,0.35951259489905696
1056,0.795115039382836
1057,0.8327368348909695
1058,0.238035789706462
1059,0.5303387244425269
1060,0.5579267795569312
1061,0.5003948748253233
1062,0.4582935332755629
1063,0.6443226424984746
1064,0.5380955881630436
1065,0.24101888139265826
1066,0.8346847173017914
1067,0.1398288554041499
1068,0.33150588343504916
1069,0.1739131017285962
1070,0.5514476454859752
1071,0.4690263819007269
1072,0.28470429406508535
1073,0.6297581568346362
1074,0.5253066135739661
1075,0.26027262174818566
1076,0.39241048219589303
1077,0.8837254053006938
1078,0.6042112538885598
1079,0.274291656894581
1080,0.29366142089171965
1081,0.5328841109981213
1082,0.5312564137170677
1083,0.4757784954008665
1084,0.5261451075870307
1085,0.327874673533756
1086,0.23553536465265545
1087,0.7350863587306384
1088,0.4472951578480232
1089,0.6038828855876177
1090,0.614922229678909
1091,0.5572928733331745
1092,0.7797193154572892
1093,0.5379765593922065
1094,0.647264465609859
1095,0.6576731362049976
1096,0.5788001327184473
1097,0.6269153681101176
1098,0.7740474771863691
