SEQN,Pred_Probability
1001,0.17097157718032507
2186,0.7850707416425392
