ParticipantID,Pred_Probability
1001,0.5096076079197525
1002,0.35352639844004974
1003,0.5035108734380913
1004,0.4421901336687062
1005,0.8153399145599096
1006,0.40321543175749797
1007,0.23624158734763123
1008,0.5602809223000826
1009,0.5770267561983334
1010,0.4974213103566596
1011,0.23736345649137358
1012,0.26740035410919494
1013,0.5580906953563531
1014,0.5312969441905389
1015,0.39861642674722686
1016,0.3855836853750161
1017,0.6975090480938337
1018,0.4884853380137012
1019,0.8119235677681621
1020,0.14684498325775464
1021,0.6799691833917421
1022,0.5209193871557977
1023,0.2918756617365216
1024,0.581613372883242
1025,0.2495100704562051
1026,0.340535834605583
1027,0.5694988894099825
1028,0.1330077111597795
1029,0.5938654500899265
1030,0.21897840684712477
1031,0.35163646373486
1032,0.42774274078051844
1033,0.4501545096957378
1034,0.4560955951809823
1035,0.21039384544578554
1036,0.5562685555122966
1037,0.7501591245688032
1038,0.16719029852004452
1039,0.5353434716791833
1040,0.8061992021663165
1041,0.3597040216742933
1042,0.37676958152770745
1043,0.6686581338253768
1044,0.5147276567904935
1045,0.5161722075379149
1046,0.4441899739459084
1047,0.7418818895113458
1048,0.6263715696489549
1049,0.2812622556464297
1050,0.7628721807367331
1051,0.5202635506699775
1052,0.5152515406885176
1053,0.7469428303327832
1054,0.4273523050699294
1055,0.3035180093372908
1056,0.7051034933698964
1057,0.8918285374548975
1058,0.20861709868326916
1059,0.5694162212714908
1060,0.5321426048419171
1061,0.7652043518091493
1062,0.3771973938368576
1063,0.5945290394537497
1064,0.687555224175112
1065,0.11744017228056414
1066,0.8972480771040868
1067,0.13493948151849977
1068,0.641357396753339
1069,0.1378766170376713
1070,0.5795349579001059
1071,0.38598821354065016
1072,0.2555446946455332
1073,0.4209123631940669
1074,0.5999190230067537
1075,0.23955053286640016
1076,0.3414686441320476
1077,0.8827883000344166
1078,0.40119914996583583
1079,0.2616948687836155
1080,0.47537103206733333
1081,0.34072583948118274
1082,0.46364764056453855
1083,0.3080879652962566
1084,0.3177908531773673
1085,0.26139783521501414
1086,0.16204133124891928
1087,0.8005416416739344
1088,0.42457115720256056
1089,0.32612593073583784
1090,0.8192103907947378
1091,0.5085585866262848
1092,0.8162703887119291
1093,0.7146945533174398
1094,0.5671636419449635
1095,0.5394517946427694
1096,0.7192369442368136
1097,0.5103885151329441
1098,0.7428374529304467
