SEQN,Pred_Probability
1001,0.17819380483689817
2186,0.7264473545887765
