SEQN,Pred_Probability
1001,0.26939433719743167
2186,0.714713636213103
