SEQN,Pred_Probability
1001,0.26538334030007965
2186,0.7059995809589897
