SEQN,Pred_Probability
1001,0.30727360567464007
2186,0.6497179176862853
