SEQN,Pred_Probability
1001,0.34450478734982604
2186,0.7622737562333652
