ParticipantID,Pred_Probability
1001,0.4912297915706739
1002,0.4727044846185373
1003,0.5332035824105884
1004,0.49962466964803254
1005,0.7158427420139768
1006,0.3970143944668036
1007,0.32436457746686453
1008,0.5285340891960101
1009,0.6460489604214483
1010,0.4628956664656493
1011,0.32247062580863556
1012,0.4113293049191924
1013,0.5672415471626842
1014,0.5467817691418674
1015,0.5037151355298399
1016,0.41596902246620987
1017,0.6683635100128001
1018,0.4838476569969102
1019,0.7507862490171985
1020,0.22724197921897704
1021,0.6305007970164899
1022,0.5654414723617821
1023,0.3459707074570199
1024,0.39794151878048645
1025,0.3491016320218122
1026,0.40037109716939323
1027,0.5468445215425263
1028,0.20052248049959054
1029,0.6077450793998611
1030,0.2486019754326765
1031,0.4429701840624053
1032,0.4549119829878987
1033,0.4502410467112168
1034,0.5210941941304067
1035,0.22977608918550668
1036,0.5398411095929322
1037,0.675739624027986
1038,0.22554410432767294
1039,0.5300225228903264
1040,0.7202830527055529
1041,0.3656558177483709
1042,0.44329567911539525
1043,0.6095191944161603
1044,0.6076913551688901
1045,0.5003161943269181
1046,0.4603314548878785
1047,0.6965299284961989
1048,0.6369746003576663
1049,0.41721593922649797
1050,0.6466365572308571
1051,0.4251344467561872
1052,0.49828630708558147
1053,0.686525002495256
1054,0.3306750883998125
1055,0.3792517311057558
1056,0.5918568649143546
1057,0.8188092696887623
1058,0.29183626210551505
1059,0.5441244959169935
1060,0.4875235035327989
1061,0.6538893880678576
1062,0.3222760038261599
1063,0.5544077101960388
1064,0.6598865523331447
1065,0.22346498160619208
1066,0.8474532662883794
1067,0.22503462666406285
1068,0.5713024329645671
1069,0.18260738620836156
1070,0.6014974304806157
1071,0.4686129092188926
1072,0.30184606654622287
1073,0.4635079452634113
1074,0.566535428755338
1075,0.3628643892175864
1076,0.4219959927370628
1077,0.8261288285775503
1078,0.4481005621800479
1079,0.35252058037166073
1080,0.3729620596576315
1081,0.41344925079552447
1082,0.5233144652528542
1083,0.32366899567247315
1084,0.426240557153319
1085,0.3616531260389695
1086,0.230411843758992
1087,0.7223635444940777
1088,0.3797580011880728
1089,0.374773228097719
1090,0.7379305635343102
1091,0.5589628639304431
1092,0.7436182752602433
1093,0.605453249841573
1094,0.5649636768300493
1095,0.5053705724498516
1096,0.6506441790507547
1097,0.5889360970944417
1098,0.7072625703162767
