ParticipantID,Pred_Probability
1001,0.463222384008016
1002,0.5210285159081521
1003,0.5935975987457373
1004,0.5329934215336507
1005,0.6679053787359437
1006,0.5230343028928672
1007,0.4205288344333075
1008,0.5016811558935425
1009,0.5328888940890386
1010,0.49257401311142396
1011,0.45526192469266447
1012,0.419089647476453
1013,0.5496107965975521
1014,0.5896292774388932
1015,0.5840915379632694
1016,0.41438405470191936
1017,0.5515124173826028
1018,0.46775864256928984
1019,0.5865257180827965
1020,0.2878459261239297
1021,0.6532361128583796
1022,0.4685581058956503
1023,0.42013450157521304
1024,0.3547383232518611
1025,0.4747324225191628
1026,0.400502778031231
1027,0.5576030872209223
1028,0.38164873499878643
1029,0.5452802020097757
1030,0.37553993580483225
1031,0.4720673570505357
1032,0.4294339108187494
1033,0.3839704265956114
1034,0.46452502223401243
1035,0.36751616436404594
1036,0.44055919617187334
1037,0.6291729215033367
1038,0.2978031279466281
1039,0.506081059784414
1040,0.584563676312035
1041,0.41171330109457366
1042,0.47701077323690766
1043,0.5693221584099188
1044,0.565687194685787
1045,0.5006153738921326
1046,0.4643825303259495
1047,0.6576696041311335
1048,0.5173174985697016
1049,0.48770139237870175
1050,0.5882351438737209
1051,0.5033199106122216
1052,0.4744653185389615
1053,0.6576022089196182
1054,0.47086811292467823
1055,0.5372388564738799
1056,0.5658032977895966
1057,0.6974903479152352
1058,0.3441871062159421
1059,0.5337522710135566
1060,0.40516149849787875
1061,0.581576403031259
1062,0.4044341169432616
1063,0.5574444968205194
1064,0.6266776270623781
1065,0.34354821960138543
1066,0.6782669702154882
1067,0.38004578539610834
1068,0.5770029137566712
1069,0.35343812545875936
1070,0.5433157570882055
1071,0.4914736855867475
1072,0.38532446002253623
1073,0.5467661451831637
1074,0.47337827208262234
1075,0.4189310680184975
1076,0.4214791616509394
1077,0.703818516145173
1078,0.5007693282159277
1079,0.47335825802295106
1080,0.42863647589220377
1081,0.43676614615583953
1082,0.5260251818919399
1083,0.45315475155726404
1084,0.5061166945044611
1085,0.3549013655666401
1086,0.4302337807111561
1087,0.6117205447878065
1088,0.46307849283772456
1089,0.465722111309254
1090,0.5783904716607158
1091,0.5083430118343837
1092,0.6042179270359899
1093,0.4365173097137681
1094,0.4724722041019259
1095,0.5597064450836018
1096,0.5508608840936788
1097,0.6291859378251725
1098,0.6129268655128062
