SEQN,Pred_Probability
1001,0.30696112230089584
2186,0.6603878542684781
