ParticipantID,Pred_Probability
1001,0.46645992588532315
1002,0.5529738607782354
1003,0.543701556067905
1004,0.5036430364572422
1005,0.6381193173926498
1006,0.4284055044745297
1007,0.41131372382458586
1008,0.568157617224861
1009,0.5950228074460965
1010,0.529137237748156
1011,0.4175953203729474
1012,0.43688140397660374
1013,0.618224423797929
1014,0.5537445273148995
1015,0.549984115709887
1016,0.43162309140068383
1017,0.6673922899811774
1018,0.5173124065212227
1019,0.7409552481739267
1020,0.20958337292218088
1021,0.672017849387776
1022,0.49055419483255763
1023,0.3516716656998159
1024,0.4406195481377333
1025,0.3520786013628429
1026,0.3583244857071894
1027,0.5695479603885567
1028,0.21943615114685935
1029,0.7127570498593047
1030,0.26902916917067504
1031,0.4617888582430322
1032,0.4553663944147026
1033,0.437331044521684
1034,0.664843336501341
1035,0.2810912469287086
1036,0.4892234776019406
1037,0.7755054290476907
1038,0.15515808386087332
1039,0.5390424994360369
1040,0.6913611623740396
1041,0.36024503888182624
1042,0.5148381415563008
1043,0.5925070601091151
1044,0.6262107533811806
1045,0.4396839858111665
1046,0.47765475643336985
1047,0.7145019244451933
1048,0.6301835309635015
1049,0.45579540618954534
1050,0.5862416202419328
1051,0.5032765621409443
1052,0.49643090684006336
1053,0.781302480822033
1054,0.48203911211036377
1055,0.5049936227059508
1056,0.6318904104266194
1057,0.8200642083528322
1058,0.27346759724309017
1059,0.5234157780651468
1060,0.4929052574034352
1061,0.530897816510967
1062,0.3569970934001586
1063,0.608603582928581
1064,0.5699723292712183
1065,0.2140540013925029
1066,0.7825980565147381
1067,0.2447367136548363
1068,0.5076206936102934
1069,0.20479520771619897
1070,0.5393055718965964
1071,0.4948604361220111
1072,0.3628396725498138
1073,0.6066326561333153
1074,0.5201837063240853
1075,0.3563512550679716
1076,0.4114524675354716
1077,0.8513989635670043
1078,0.5250735478443747
1079,0.3721867506589713
1080,0.31754189239966674
1081,0.4267956759614095
1082,0.541716583685641
1083,0.43221090921312
1084,0.49965340750754483
1085,0.3254930220369399
1086,0.23834267277347695
1087,0.7070678126793452
1088,0.4012907909750025
1089,0.3916269886851646
1090,0.6660425302440753
1091,0.5639562384842775
1092,0.7950415947964644
1093,0.4923399255047759
1094,0.6556781224403709
1095,0.65681797242967
1096,0.6612652391306296
1097,0.6001956730452778
1098,0.7394989402050245
