ParticipantID,Pred_Probability
1001,0.4948556378541114
1002,0.6186835703481834
1003,0.5036754545586333
1004,0.4695565767606915
1005,0.6831833037532573
1006,0.43934417700738615
1007,0.3267662149160572
1008,0.5831378204216143
1009,0.5591453651202926
1010,0.39676999163857657
1011,0.3413410603597276
1012,0.4365999339994196
1013,0.5214795453776645
1014,0.5900368040632824
1015,0.6054466987287159
1016,0.4676894063268156
1017,0.6604288832220304
1018,0.5076376446389211
1019,0.7197598136913526
1020,0.2885838298714455
1021,0.5620698511663446
1022,0.5230310757759781
1023,0.3619624669600084
1024,0.4414824183802817
1025,0.3121581677677248
1026,0.3026452808448998
1027,0.5989644517072036
1028,0.28195273548913613
1029,0.6689220947932114
1030,0.31846168671710595
1031,0.5134483830812353
1032,0.47513895977207904
1033,0.48622082409747663
1034,0.6630750691090495
1035,0.30428147994561244
1036,0.42426570284151194
1037,0.7177745856512651
1038,0.2505851587278928
1039,0.5768797670700203
1040,0.6109850122238298
1041,0.386465617917937
1042,0.5179710633063772
1043,0.6365568751618316
1044,0.6604955716978016
1045,0.4426388489322896
1046,0.4121506183329736
1047,0.7230299214552846
1048,0.6443191396684887
1049,0.401417732362417
1050,0.5694502735740578
1051,0.4327697550943619
1052,0.45796952186047973
1053,0.7635890154184877
1054,0.3958871727969772
1055,0.5170559668248321
1056,0.49701337206471563
1057,0.7875683471000301
1058,0.3143458705929355
1059,0.4934570309848018
1060,0.4500760156450316
1061,0.5553326952746139
1062,0.3466183956140573
1063,0.5370004322360505
1064,0.6760786590925303
1065,0.25599101281339776
1066,0.7758164874827063
1067,0.3141323547544512
1068,0.6440458836925613
1069,0.2409100912448297
1070,0.543767499348886
1071,0.5295929226005599
1072,0.3873373553017934
1073,0.6459858412324454
1074,0.5729788631665249
1075,0.3656566023325953
1076,0.4366276398098374
1077,0.7868961153150636
1078,0.49949309550358423
1079,0.39029692613535116
1080,0.3464575825386093
1081,0.4014186844190031
1082,0.42088708507100936
1083,0.37770943215129654
1084,0.506315496017066
1085,0.36980544593104026
1086,0.2956768109843343
1087,0.6888019877255303
1088,0.3517811983298767
1089,0.3833679827791276
1090,0.5840294466517103
1091,0.5156057535980819
1092,0.78382427806691
1093,0.4980773616649648
1094,0.6153736380541133
1095,0.6618019834721683
1096,0.6834558031198873
1097,0.5235777527258756
1098,0.7283027842927502
