SEQN,Pred_Probability
1001,0.274434309888786
2186,0.7464547231736729
