SEQN,Pred_Probability
1001,0.3402477668485502
2186,0.5731314083769282
