ParticipantID,Pred_Probability
1001,0.274932733657007
1002,0.4521131806160737
1003,0.6316218103498402
1004,0.3617192154029301
1005,0.9581934946323332
1006,0.32644707253434113
1007,0.23289552394432636
1008,0.549172646830206
1009,0.5523800345820394
1010,0.4603610689498486
1011,0.41798036645676245
1012,0.420615691769156
1013,0.6148439744801879
1014,0.5820200987002131
1015,0.46471142275256666
1016,0.3829526558257763
1017,0.39894446733393474
1018,0.3161573791256835
1019,0.8501103945878603
1020,0.1476506143816681
1021,0.8488130634608
1022,0.3504280906656886
1023,0.24354177865039842
1024,0.21298115206664645
1025,0.3678223947679883
1026,0.13785349334582017
1027,0.6206540307370009
1028,0.12517218351723938
1029,0.6021956372635657
1030,0.4665784088050648
1031,0.41731038418084765
1032,0.21993112060028652
1033,0.30277662764293967
1034,0.3332201780954211
1035,0.35780320216194683
1036,0.42754169129480124
1037,0.7621125728206358
1038,0.19950775708693358
1039,0.5399292333473796
1040,0.6891090534025595
1041,0.5613301817150682
1042,0.3949130432013695
1043,0.6458900564911851
1044,0.4378348977850814
1045,0.520110168513132
1046,0.39242901366783317
1047,0.8413369339972385
1048,0.6374383745318248
1049,0.4148013088348468
1050,0.5558818562071081
1051,0.6024477441846224
1052,0.5075767924574487
1053,0.6182058280479541
1054,0.4221337623184418
1055,0.36437582415237657
1056,0.5074287661915924
1057,0.8715415686219712
1058,0.4944561200933277
1059,0.5
1060,0.5886169682935684
1061,0.45293024809412297
1062,0.41726145183009034
1063,0.5753399536425808
1064,0.5479775629891016
1065,0.18073038442053987
1066,0.943173695616704
1067,0.14101865568073044
1068,0.31301269618342054
1069,0.14137938567755734
1070,0.5582130070171101
1071,0.513010295644774
1072,0.29506756969895903
1073,0.5633286152725047
1074,0.4426702172234616
1075,0.21798717699574544
1076,0.3035833390896626
1077,0.7783302205335847
1078,0.32910904262453283
1079,0.1866712295861047
1080,0.2200806588455048
1081,0.45322006197353654
1082,0.5772344153374457
1083,0.34934414162093536
1084,0.2331309693282889
1085,0.5225055344148886
1086,0.21558358543613051
1087,0.627412409366108
1088,0.23759610771061507
1089,0.5122346198892183
1090,0.6283615398576154
1091,0.3158557859469801
1092,0.7577513384216885
1093,0.33079622696292704
1094,0.20931734808801608
1095,0.5672978485076788
1096,0.7689751526969503
1097,0.8569437880093439
1098,0.7952031503648054
