SEQN,Pred_Probability
1001,0.2587480573857533
2186,0.6993071338636743
