SEQN,Pred_Probability
1001,0.27840243030198997
2186,0.6781111638061235
