SEQN,Pred_Probability
1001,0.15098580273434692
2186,0.8103517704626648
