ParticipantID,Pred_Probability
1001,0.3710204317415814
1002,0.6011409678152813
1003,0.6109165620356769
1004,0.3449499611438758
1005,0.686315138810107
1006,0.21604547191658172
1007,0.0937435997248366
1008,0.6764529928532015
1009,0.6395466150906982
1010,0.317110233057474
1011,0.3033269568735073
1012,0.4012457799033507
1013,0.6084394851194088
1014,0.6601221151155364
1015,0.4314375631847097
1016,0.3019662121516021
1017,0.6713286069549795
1018,0.5357860199018856
1019,0.8452861859490973
1020,0.06547572441014338
1021,0.7277182084041885
1022,0.3501890324271757
1023,0.11445079820736526
1024,0.3026197578083375
1025,0.3130108198425362
1026,0.2598756685974893
1027,0.7097733941675572
1028,0.1364479667669692
1029,0.6619304643920398
1030,0.38336030362617957
1031,0.16665620611372733
1032,0.18697425225718672
1033,0.40116718692017145
1034,0.5695352447010065
1035,0.29517602349351807
1036,0.5260633793053766
1037,0.8193511705647034
1038,0.12588720626198638
1039,0.6090187591828718
1040,0.8271117645075966
1041,0.5165423924637
1042,0.2772938272418214
1043,0.7227573908165439
1044,0.6188915799999344
1045,0.48592762813376844
1046,0.34293158577085286
1047,0.7032998681713862
1048,0.6401843318008419
1049,0.5828860065888098
1050,0.7640287747882053
1051,0.6554004266938511
1052,0.5
1053,0.7584384311329907
1054,0.6053728403069883
1055,0.400727154260526
1056,0.6572196290172037
1057,0.8349279378954796
1058,0.37280374228003504
1059,0.6156615889356783
1060,0.6480149770093354
1061,0.6449543718589292
1062,0.3447738626351816
1063,0.6188499599340106
1064,0.39536118280510185
1065,0.1574775850919393
1066,0.8247127531192953
1067,0.12771408199991835
1068,0.3310085127115456
1069,0.12109897677131069
1070,0.5416295866396809
1071,0.3638439865151286
1072,0.25887934253145434
1073,0.5401113619289095
1074,0.6893460921398703
1075,0.1805353407257104
1076,0.3257506750691169
1077,0.8997223679122431
1078,0.5106530853868071
1079,0.19672406667519582
1080,0.5349215971240432
1081,0.6239518170627891
1082,0.534453865793824
1083,0.2860947828072941
1084,0.31171550245696983
1085,0.41600481218967444
1086,0.30178963049146884
1087,0.7893728077104502
1088,0.35050681924704014
1089,0.5
1090,0.7785166990201301
1091,0.5116176428953302
1092,0.7916753872554055
1093,0.4551256418580139
1094,0.585005123267744
1095,0.7364878269587263
1096,0.6634016677296283
1097,0.6780642816021758
1098,0.7423493249396766
