ParticipantID,Pred_Probability
1001,0.2099413649303241
1002,0.38918106011421455
1003,0.6104163099879412
1004,0.220728175386359
1005,0.8211093548673083
1006,0.2842133729994451
1007,0.028650509920862148
1008,0.42098942207886664
1009,0.5646970175626095
1010,0.06505032632268788
1011,0.1588291356835864
1012,0.5540591805373072
1013,0.47403210179158217
1014,0.6280275265648726
1015,0.48308632608970425
1016,0.29588920462393054
1017,0.5679151672346238
1018,0.29568664035349124
1019,0.9262509652173694
1020,0.024002802865427195
1021,0.8861825624480408
1022,0.3448701344189473
1023,0.02646515730648792
1024,0.27860983204634604
1025,0.3260605880272747
1026,0.09464990386364609
1027,0.7069881999558907
1028,0.033992254180029643
1029,0.8439561421652323
1030,0.35309441099372635
1031,0.09812558358733889
1032,0.07415036633026803
1033,0.335261573729294
1034,0.6087215081607785
1035,0.1816523750196729
1036,0.39745922128666583
1037,0.8257444926987162
1038,0.08462400764847225
1039,0.7258113654216135
1040,0.8091013729151189
1041,0.34825289328995135
1042,0.08896882569708094
1043,0.8445677343340697
1044,0.7194602038624859
1045,0.5
1046,0.27747707228969115
1047,0.9322733808653995
1048,0.8196655533740289
1049,0.7524736124144552
1050,0.7246202557439722
1051,0.8394727826408531
1052,0.3958868009768533
1053,0.8295860103480739
1054,0.6099958846064295
1055,0.4076163586675801
1056,0.6264901866554629
1057,0.9602415733626303
1058,0.24111787269877932
1059,0.4384633666827934
1060,0.538168476990135
1061,0.6321155582881304
1062,0.269972226686199
1063,0.8128128069520583
1064,0.684876450302423
1065,0.10698907142467572
1066,0.9422228362158604
1067,0.14674400186408806
1068,0.6035080369388349
1069,0.04514927602519684
1070,0.5630711390666879
1071,0.19913002779301125
1072,0.1232016622944722
1073,0.45611920160782154
1074,0.6714344835056475
1075,0.10784389138889157
1076,0.17580220712862774
1077,0.964124246118763
1078,0.3569690973492831
1079,0.07005659122012689
1080,0.5956367186095456
1081,0.6161547621768311
1082,0.3274242131852988
1083,0.29311864891644196
1084,0.25290960580758215
1085,0.25072815371567464
1086,0.15102593920700516
1087,0.7849557477544845
1088,0.2140474640585209
1089,0.34393498114571974
1090,0.852362262636418
1091,0.30871056737866814
1092,0.9197651774846283
1093,0.4618789363322119
1094,0.5112189279885229
1095,0.6825411035590723
1096,0.8374245247850187
1097,0.8058548202822585
1098,0.8883378515718235
