ParticipantID,Pred_Probability
1001,0.40688269965663987
1002,0.517045381265673
1003,0.5079154988378706
1004,0.3113999636789512
1005,0.6978638980351517
1006,0.26734075759736714
1007,0.15057324936017394
1008,0.5549989713986284
1009,0.7105777452652942
1010,0.3207669473507326
1011,0.2501690245725572
1012,0.3465034514559103
1013,0.43773527322454026
1014,0.4722570393869243
1015,0.6239372254639529
1016,0.4353176631474096
1017,0.6482616693635037
1018,0.5369759964336329
1019,0.8310963781972779
1020,0.10765112473066693
1021,0.7690962596973572
1022,0.425509459337298
1023,0.17322056254528295
1024,0.3030206771057664
1025,0.343751494469549
1026,0.2415154431676713
1027,0.6646114953589124
1028,0.129492175299805
1029,0.5705188626926911
1030,0.37887324573056724
1031,0.26751153333603855
1032,0.25667530323606585
1033,0.31868975722533655
1034,0.4939743323752491
1035,0.2558207002308835
1036,0.53524558276004
1037,0.8403558111881115
1038,0.18184364094059813
1039,0.5257203458553596
1040,0.8001853568047471
1041,0.4289296939417874
1042,0.3809541194730329
1043,0.6389182029192206
1044,0.7845263242777611
1045,0.39134320051415417
1046,0.41737691389877685
1047,0.8711058468822387
1048,0.6902159663226951
1049,0.6242255137060965
1050,0.695632429582253
1051,0.6079776098219719
1052,0.5078187918196462
1053,0.735164053056112
1054,0.4491525360214336
1055,0.4537949019077309
1056,0.650639175761424
1057,0.9206447075549049
1058,0.3786658294687659
1059,0.5747362543374871
1060,0.5517939516098354
1061,0.6571921699657247
1062,0.3491542526705372
1063,0.49429272242721384
1064,0.5121269892884487
1065,0.1627869150179921
1066,0.85832200500188
1067,0.1526039598877186
1068,0.5087771167465718
1069,0.10537295196435939
1070,0.596556999249602
1071,0.5119866886552011
1072,0.1456631096230645
1073,0.552015674580704
1074,0.5768860300638287
1075,0.2308041589736422
1076,0.2505780033004595
1077,0.905666693383462
1078,0.3700517680552752
1079,0.20512307725634396
1080,0.41678561564379485
1081,0.5231983996975937
1082,0.5189344014054368
1083,0.3359739379835378
1084,0.25906817929808945
1085,0.33387347781258436
1086,0.19842075388729802
1087,0.8249023975254025
1088,0.3989343760572898
1089,0.44542263984382385
1090,0.7483478840969174
1091,0.5612473443795334
1092,0.8041111794798831
1093,0.517535570816317
1094,0.5138050684764618
1095,0.7672773207873466
1096,0.7613887426802394
1097,0.6629503447465263
1098,0.730664051130362
