SEQN,Pred_Probability
1001,0.25821361623847977
2186,0.7055489863803808
